Order ID,Order Date,customer_id,SKU,Quantity,Amount,Discount %,Status
50001,"Jun 03, 2025",1067,HEA-132,8,"$2,016.31",0%,Refunded
50002,20/05/2024,1057,MON-112,8,"$1,048.59",0%,Completed
50003,15/03/2024,1101,MON-113,7,"$4,523.04",0%,Completed
50004,2024-05-26,1060,MON-110,6,"$4,136.76",0%,Completed
50005,"May 13, 2025",1107,LAP-103,7,$953.41,0%,Completed
50006,13/12/2024,1041,HEA-131,7,"$7,679.50",0%,Completed
50007,"Jul 21, 2025",1003,LAP-100,6,"$2,827.01",5%,Completed
50008,2025-06-08,1118,DOC-143,5,"$3,297.69",0%,Refunded
50009,2024-09-28,1035,LAP-103,2,$283.57,0%,Completed
50010,"Jun 01, 2024",1074,KEY-120,7,$767.88,5%,Completed
50011,2024-02-28,1055,LAP-102,5,"$4,947.73",0%,Completed
50012,2024-09-23,1009,LAP-100,2,$822.92,0%,Completed
50013,13/12/2024,1119,HEA-132,1,$255.91,0%,Completed
50014,22/04/2024,1007,LAP-101,4,"$1,177.66",0%,Completed
50015,27/06/2025,1058,KEY-121,5,"$3,364.94",10%,Completed
50016,2024-01-19,1002,KEY-120,6,$757.43,0%,Completed
50017,10/06/2025,1014,DOC-141,4,"$5,087.02",15%,Completed
50018,13/07/2025,1065,HEA-131,8,"$10,018.38",0%,Completed
50019,"Jul 22, 2024",1094,MON-113,6,"$4,762.40",15%,Completed
50020,"May 12, 2024",1095,KEY-123,1,$148.35,0%,Completed
50021,"Nov 12, 2025",1086,LAP-101,2,$567.11,0%,Completed
50022,15/04/2025,1058,KEY-121,1,$554.44,0%,Completed
50023,07/09/2024,1028,KEY-122,6,$760.94,0%,Completed
50024,"Mar 26, 2024",1084,KEY-122,7,"$1,041.96",0%,Completed
50025,2024-09-27,1052,LAP-100,2,"$1,056.48",10%,Completed
50026,2024-11-07,1075,LAP-100,5,"$2,492.00",10%,Completed
50027,29/11/2024,1020,MON-110,7,"$5,645.88",0%,Completed
50028,"Jun 09, 2025",1090,MON-110,1,$783.18,10%,Completed
50029,"Dec 03, 2025",1088,DOC-140,1,$893.75,15%,Completed
50030,12/02/2024,1014,LAP-102,1,$789.66,5%,Completed
50031,"Oct 04, 2025",1088,DOC-141,1,"$1,076.84",0%,Completed
50032,"Mar 12, 2024",1115,LAP-100,8,"$4,138.29",10%,Completed
50033,2025-04-30,1109,DOC-140,2,"$1,595.14",0%,Completed
50034,27/10/2025,1109,MON-112,4,$624.80,5%,Completed
50035,2025-09-23,1010,KEY-121,1,$646.83,10%,Completed
50036,2025-09-28,1062,KEY-120,5,$554.11,0%,Completed
50037,"Nov 22, 2025",1067,LAP-103,4,$611.68,0%,Completed
50038,2025-07-16,1120,HEA-132,2,$395.36,5%,Completed
50039,02/06/2025,1035,HEA-132,2,$507.97,5%,Completed
50040,"Aug 18, 2025",1068,MON-112,2,$232.82,0%,Refunded
50041,2024-04-25,1064,MON-110,5,"$4,011.06",5%,Completed
50042,18/05/2025,1039,MON-111,1,$563.92,15%,Completed
50043,19/11/2024,1001,KEY-123,7,"$1,082.53",0%,Completed
50044,"Jul 19, 2024",1038,HEA-130,2,"$1,301.56",0%,Completed
50045,26/08/2025,1097,HEA-130,7,"$3,652.86",0%,Completed
50046,22/02/2024,1082,KEY-120,2,$240.93,0%,Completed
50047,07/06/2025,1101,KEY-120,7,$712.00,5%,Completed
50048,"Mar 23, 2024",1053,HEA-130,4,"$2,065.53",5%,Completed
50049,"May 12, 2025",1017,MON-110,5,"$3,191.70",0%,Completed
50050,"Oct 31, 2024",1084,KEY-122,5,$689.49,0%,Completed
50051,09/05/2025,1016,MON-113,5,"$3,641.19",0%,Completed
50052,27/05/2025,1071,LAP-102,4,"$4,085.79",0%,Completed
50053,2025-03-13,1032,KEY-122,8,"$1,056.68",0%,Completed
50054,22/11/2024,1104,DOC-141,2,"$2,342.04",10%,Completed
50055,"Jan 27, 2025",1027,LAP-100,7,"$3,248.25",5%,Completed
50056,11/10/2024,1017,LAP-101,8,"$2,087.19",15%,Completed
50057,04/10/2024,1052,MON-112,2,$305.30,15%,Completed
50058,"May 10, 2024",1098,KEY-121,1,$522.83,5%,Refunded
50059,"Mar 15, 2024",1110,HEA-133,1,$335.40,5%,Refunded
50060,"Aug 17, 2024",1088,MON-113,2,"$1,264.52",0%,Refunded
50061,2025-07-18,1101,HEA-132,2,$479.96,0%,Completed
50062,"May 11, 2024",1082,LAP-101,5,"$1,326.64",5%,Completed
50063,"Mar 13, 2024",1025,LAP-103,2,$286.48,5%,Completed
50064,11/01/2024,1036,DOC-143,1,$578.87,0%,Completed
50065,2025-06-22,1004,MON-113,8,"$5,211.26",5%,Completed
50066,"Jan 23, 2024",1083,KEY-121,1,$556.25,5%,Completed
50067,2025-01-14,1090,MON-113,7,"$4,546.55",0%,Completed
50068,21/07/2024,1095,KEY-123,7,"$1,035.38",10%,Completed
50069,2024-11-15,1030,HEA-133,4,"$1,515.29",5%,Completed
50070,2025-09-30,1115,KEY-121,2,"$1,237.07",0%,Completed
50071,2025-02-06,1077,LAP-101,3,$650.33,0%,Completed
50072,"Feb 06, 2025",1114,LAP-101,3,$750.96,0%,Completed
50073,"Dec 03, 2024",1120,LAP-102,3,"$2,420.81",10%,Completed
50074,11/11/2025,1043,LAP-101,5,"$1,368.61",5%,Completed
50075,13/10/2024,1114,LAP-100,2,$821.97,0%,Completed
50076,31/12/2024,1106,MON-112,7,"$1,028.28",5%,Completed
50077,16/01/2025,1025,HEA-133,4,"$1,411.21",0%,Completed
50078,"Oct 08, 2025",1099,HEA-133,1,$337.64,5%,Completed
50079,2024-03-05,1033,LAP-101,8,"$2,242.70",0%,Completed
50080,"Jan 06, 2025",1006,DOC-143,6,"$3,170.00",0%,Completed
50081,"Oct 31, 2024",1118,KEY-122,5,$626.44,15%,Refunded
50082,"Aug 27, 2024",1060,LAP-102,1,$781.92,5%,Completed
50083,2024-05-15,1002,HEA-131,8,"$10,299.24",15%,Completed
50084,01/12/2024,1047,MON-110,4,"$3,367.02",10%,Completed
50085,2024-06-12,1084,MON-112,7,$864.25,0%,Completed
50086,2024-06-13,1010,DOC-141,6,"$8,927.17",0%,Completed
50087,"Mar 07, 2025",1058,MON-112,2,$269.50,0%,Completed
50088,2025-09-27,1096,HEA-131,8,"$10,188.57",10%,Completed
50089,27/10/2024,1048,LAP-103,5,$710.83,0%,Completed
50090,2024-09-10,1020,MON-112,8,$965.58,0%,Completed
50091,30/11/2024,1032,DOC-142,4,"$2,751.06",10%,Completed
50092,07/02/2024,1114,LAP-103,8,"$1,064.87",0%,Completed
50093,2024-10-27,1025,KEY-123,1,$161.25,10%,Refunded
50094,2024-03-17,1058,DOC-142,4,"$3,080.82",10%,Completed
50095,"Oct 14, 2025",1045,LAP-100,2,$986.12,0%,Completed
50096,15/02/2024,1005,KEY-122,3,$405.92,10%,Completed
50097,01/12/2024,1024,MON-112,1,$130.73,10%,Completed
50098,2025-05-22,1053,MON-112,1,$136.98,0%,Completed
50099,"Oct 16, 2025",1021,DOC-141,3,"$3,891.24",5%,Completed
50100,2025-11-14,1040,HEA-131,5,"$5,271.89",15%,Completed
50101,02/03/2025,1083,KEY-123,7,"$1,040.11",0%,Completed
50102,2024-01-07,1055,HEA-130,4,"$2,377.20",0%,Completed
50103,2025-04-16,1002,HEA-130,6,"$3,977.64",0%,Completed
50104,09/08/2025,1095,HEA-130,2,"$1,264.77",10%,Completed
50105,2024-06-14,1014,KEY-123,5,$891.32,5%,Completed
50106,2024-05-09,1117,MON-112,5,$749.89,5%,Completed
50107,"Mar 29, 2024",1089,DOC-143,7,"$4,541.32",0%,Completed
50108,21/09/2025,1024,MON-113,7,"$5,579.59",10%,Completed
50109,2025-01-27,1032,HEA-130,3,"$1,737.35",15%,Completed
50110,"Jul 29, 2025",1005,MON-112,1,$150.21,15%,Completed
50111,"Sep 05, 2025",1100,LAP-103,7,"$1,058.30",0%,Completed
50112,11/03/2025,1058,KEY-121,4,"$2,386.14",10%,Completed
50113,25/09/2025,1031,LAP-100,1,$555.17,5%,Completed
50114,2025-04-29,1017,HEA-132,3,$637.22,0%,Completed
50115,2025-05-31,1006,LAP-102,8,"$7,221.98",15%,Completed
50116,25/02/2024,1084,KEY-122,2,$325.47,0%,Completed
50117,17/07/2024,1037,LAP-102,2,"$1,578.44",0%,Completed
50118,25/12/2024,1021,MON-113,2,"$1,481.78",0%,Completed
50119,27/05/2024,1027,KEY-120,8,$795.95,10%,Completed
50120,2024-11-22,1024,DOC-140,4,"$3,329.47",5%,Completed
50121,20/01/2025,1015,KEY-120,6,$578.45,10%,Completed
50122,"Jul 22, 2025",1113,KEY-123,8,"$1,426.25",0%,Completed
50123,15/01/2025,1074,DOC-141,7,"$8,273.82",0%,Completed
50124,"Aug 23, 2024",1007,LAP-102,8,"$6,422.07",0%,Completed
50125,"Oct 16, 2025",1119,KEY-120,5,$626.04,15%,Completed
50126,"Aug 14, 2024",1081,LAP-100,1,$421.91,5%,Completed
50127,"May 15, 2024",1084,KEY-123,1,$176.33,0%,Completed
50128,07/11/2024,1069,LAP-100,6,"$2,490.38",0%,Completed
50129,28/07/2024,1021,KEY-121,3,"$1,775.37",0%,Completed
50130,"Apr 06, 2025",1019,MON-113,3,"$1,854.92",15%,Completed
50131,"Jan 12, 2024",1115,HEA-130,5,"$2,588.66",0%,Completed
50132,"Sep 08, 2025",1064,DOC-142,8,"$7,373.53",0%,Completed
50133,04/03/2024,1024,LAP-100,1,$482.77,0%,Completed
50134,2025-09-19,1019,LAP-103,1,$156.05,5%,Completed
50135,19/09/2025,1009,DOC-143,7,"$3,568.04",0%,Completed
50136,"Jan 19, 2025",1117,HEA-133,1,$387.94,5%,Completed
50137,19/08/2024,1030,HEA-132,3,$768.22,15%,Completed
50138,"Dec 29, 2025",1071,KEY-122,5,$638.64,15%,Completed
50139,2024-10-29,1011,DOC-140,5,"$4,552.68",10%,Completed
50140,"Jul 26, 2024",1118,KEY-120,4,$497.76,0%,Completed
50141,"Sep 07, 2025",1118,HEA-130,6,"$3,328.83",15%,Refunded
50142,"Apr 28, 2025",1001,DOC-141,8,"$11,422.21",0%,Completed
50143,"Aug 05, 2024",1010,MON-113,5,"$3,443.78",10%,Completed
50144,"Jan 28, 2024",1119,MON-110,1,$654.10,0%,Completed
50145,"Feb 01, 2024",1083,MON-110,1,$636.51,15%,Completed
50146,08/03/2024,1026,LAP-102,1,"$1,006.61",10%,Completed
50147,2024-04-19,1015,LAP-102,7,"$5,765.89",0%,Completed
50148,2025-05-03,1102,LAP-102,5,"$3,898.52",15%,Completed
50149,09/03/2025,1033,KEY-122,6,$829.01,0%,Completed
50150,08/09/2025,1080,KEY-123,6,"$1,063.41",15%,Completed
50151,2025-03-22,1045,HEA-131,1,"$1,133.63",5%,Completed
50152,03/04/2024,1022,DOC-141,4,"$5,257.65",5%,Completed
50153,25/02/2024,1013,MON-112,5,$562.73,5%,Completed
50154,"Aug 29, 2025",1034,MON-111,8,"$4,037.20",10%,Refunded
50155,2025-12-17,1015,KEY-121,4,"$2,255.91",15%,Completed
50156,2025-10-05,1052,HEA-133,2,$655.75,5%,Completed
50157,2025-10-23,1039,LAP-102,7,"$5,301.10",0%,Completed
50158,"Jan 23, 2025",1030,DOC-141,3,"$4,466.35",5%,Completed
50159,"Dec 22, 2024",1020,DOC-143,1,$587.27,5%,Completed
50160,19/04/2025,1075,KEY-122,3,$441.17,0%,Completed
50161,03/06/2025,1097,HEA-132,4,$788.47,15%,Completed
50162,"Jun 08, 2024",1042,DOC-143,3,"$1,986.61",10%,Completed
50163,01/12/2024,1094,MON-111,4,"$2,450.09",0%,Completed
50164,2025-01-28,1102,LAP-103,4,$542.39,0%,Completed
50165,2024-07-19,1036,HEA-131,5,"$4,899.51",0%,Completed
50166,13/01/2024,1089,HEA-132,1,$212.31,0%,Completed
50167,"Jan 23, 2024",1095,KEY-121,8,"$4,363.64",5%,Completed
50168,"Dec 18, 2025",1083,MON-113,7,"$5,125.44",5%,Completed
50169,2025-11-26,1059,DOC-142,4,"$2,876.24",5%,Completed
50170,"Sep 05, 2024",1092,LAP-103,7,"$1,175.26",15%,Completed
50171,11/04/2025,1067,HEA-131,8,"$7,569.96",15%,Completed
50172,11/01/2024,1117,MON-111,6,"$3,072.05",0%,Completed
50173,2024-06-13,1067,DOC-141,4,"$5,499.92",0%,Completed
50174,08/07/2025,1066,DOC-142,8,"$5,802.84",0%,Completed
50175,24/02/2025,1027,KEY-123,6,"$1,147.80",15%,Completed
50176,2025-09-20,1033,DOC-140,2,"$1,655.00",0%,Completed
50177,17/03/2024,1081,LAP-101,1,$247.69,15%,Completed
50178,"Apr 21, 2024",1052,DOC-142,5,"$3,652.84",10%,Refunded
50179,2024-08-05,1104,HEA-130,8,"$4,317.50",15%,Completed
50180,"May 29, 2024",1107,DOC-141,4,"$4,879.03",5%,Completed
50181,2025-04-25,1035,KEY-121,3,"$1,768.26",15%,Completed
50182,2025-11-26,1104,KEY-120,7,$679.19,15%,Completed
50183,01/11/2025,1063,KEY-123,4,$661.29,5%,Completed
50184,05/06/2024,1008,LAP-102,6,"$6,169.65",0%,Completed
50185,"Jun 27, 2025",1075,KEY-122,3,$500.10,0%,Completed
50186,"Nov 02, 2025",1013,MON-112,2,$251.03,10%,Completed
50187,2025-04-07,1027,MON-113,3,"$2,034.03",5%,Completed
50188,"Nov 15, 2025",1101,MON-111,2,"$1,205.85",15%,Completed
50189,2025-12-10,1095,MON-112,8,$975.41,5%,Completed
50190,2024-09-27,1061,LAP-103,2,$298.62,5%,Completed
50191,2024-05-27,1064,HEA-133,8,"$2,969.86",0%,Completed
50192,"Nov 24, 2024",1064,LAP-100,3,"$1,417.94",15%,Completed
50193,"Mar 12, 2025",1010,HEA-132,6,"$1,282.56",0%,Completed
50194,"Sep 16, 2025",1120,LAP-100,1,$405.43,0%,Completed
50195,2025-05-11,1005,LAP-103,8,"$1,332.83",0%,Completed
50196,06/04/2024,1044,MON-110,6,"$5,051.21",5%,Completed
50197,17/10/2024,1033,DOC-141,4,"$5,019.35",10%,Completed
50198,29/12/2024,1043,KEY-121,5,"$3,435.39",10%,Refunded
50199,2024-07-27,1043,DOC-140,6,"$5,485.05",0%,Completed
50200,2025-08-23,1101,KEY-121,3,"$2,151.06",0%,Completed
50201,12/07/2025,1039,DOC-141,7,"$9,199.40",0%,Completed
50202,2025-09-15,1101,MON-112,8,"$1,174.19",10%,Completed
50203,"Sep 23, 2025",1090,DOC-143,7,"$3,531.23",15%,Completed
50204,10/02/2024,1081,LAP-102,4,"$3,799.14",0%,Completed
50205,"Mar 07, 2025",1002,MON-111,1,$580.39,0%,Completed
50206,29/07/2025,1024,MON-110,5,"$4,019.57",5%,Completed
50207,2025-08-02,1064,LAP-100,7,"$3,502.28",10%,Completed
50208,12/08/2025,1058,LAP-103,7,"$1,144.22",0%,Completed
50209,"May 01, 2025",1014,HEA-130,3,"$1,986.90",0%,Completed
50210,2025-10-03,1002,MON-112,3,$339.14,15%,Completed
50211,2024-05-04,1036,LAP-102,4,"$3,153.71",15%,Completed
50212,"Feb 21, 2024",1092,HEA-132,3,$629.65,15%,Completed
50213,05/10/2025,1059,LAP-102,5,"$4,584.70",15%,Refunded
50214,2024-02-02,1114,KEY-120,1,$90.72,15%,Completed
50215,"Feb 02, 2025",1077,DOC-143,2,"$1,071.44",0%,Refunded
50216,"Nov 19, 2024",1094,HEA-133,1,$332.62,5%,Completed
50217,"Apr 29, 2024",1021,MON-111,3,"$1,522.50",15%,Completed
50218,"Apr 08, 2025",1043,HEA-133,7,"$2,797.16",0%,Completed
50219,2025-09-12,1107,DOC-143,6,"$3,688.44",0%,Completed
50220,"Sep 09, 2024",1049,KEY-121,7,"$4,157.63",10%,Completed
50221,17/10/2024,1034,MON-113,8,"$6,075.98",0%,Completed
50222,"Oct 22, 2024",1019,DOC-142,1,$893.82,0%,Refunded
50223,"Dec 21, 2024",1071,DOC-141,8,"$10,378.55",5%,Completed
50224,"Nov 12, 2024",1051,MON-112,4,$558.50,5%,Completed
50225,2025-01-29,1069,KEY-120,1,$106.92,0%,Completed
50226,16/08/2025,1114,MON-113,7,"$5,037.18",10%,Completed
50227,2024-07-12,1024,DOC-140,4,"$3,144.50",15%,Completed
50228,2025-02-16,1032,DOC-142,6,"$5,276.71",0%,Refunded
50229,18/04/2024,1101,HEA-133,6,"$1,998.60",0%,Completed
50230,"Dec 19, 2024",1003,DOC-143,1,$529.90,0%,Completed
50231,23/08/2025,1119,DOC-142,8,"$6,579.85",0%,Completed
50232,17/09/2024,1026,HEA-132,3,$734.64,0%,Completed
50233,"Feb 05, 2024",1059,LAP-100,1,$486.89,5%,Refunded
50234,2024-05-02,1033,LAP-102,7,"$6,731.15",0%,Completed
50235,2024-07-06,1048,LAP-102,7,"$6,189.46",0%,Refunded
50236,09/02/2024,1008,MON-113,3,"$2,459.40",10%,Completed
50237,"Jun 09, 2025",1098,LAP-101,5,"$1,361.92",5%,Completed
50238,"Jan 06, 2024",1096,MON-110,6,"$5,167.94",0%,Completed
50239,27/04/2025,1050,HEA-132,2,$413.62,0%,Completed
50240,2025-03-27,1118,HEA-130,3,"$1,663.98",15%,Completed
50241,2024-02-06,1010,HEA-132,4,$778.33,10%,Completed
50242,09/04/2024,1108,MON-110,8,"$6,863.67",0%,Completed
50243,26/11/2024,1015,HEA-132,6,"$1,460.19",15%,Completed
50244,28/02/2024,1071,KEY-122,4,$536.48,0%,Completed
50245,2025-03-04,1004,MON-110,5,"$3,645.99",0%,Completed
50246,2024-06-20,1041,KEY-121,6,"$3,419.98",5%,Completed
50247,"Jun 09, 2025",1119,LAP-103,3,$392.35,0%,Completed
50248,20/09/2024,1056,KEY-121,2,"$1,344.06",0%,Refunded
50249,2025-02-03,1008,MON-113,2,"$1,328.86",15%,Refunded
50250,28/03/2025,1066,MON-110,1,$828.18,0%,Completed
50251,2024-07-09,1117,DOC-140,5,"$4,144.21",5%,Completed
50252,"May 21, 2024",1099,DOC-142,3,"$2,689.63",0%,Completed
50253,"Mar 30, 2024",1064,MON-112,2,$304.63,0%,Completed
50254,2025-08-19,1009,MON-110,4,"$2,812.87",15%,Completed
50255,14/06/2025,1037,HEA-131,1,"$1,243.30",15%,Completed
50256,16/01/2024,1018,HEA-133,2,$674.98,15%,Completed
50257,07/02/2024,1074,MON-111,6,"$2,832.54",10%,Completed
50258,12/06/2025,1092,KEY-123,8,"$1,213.78",0%,Completed
50259,2025-08-13,1038,KEY-122,7,"$1,138.87",0%,Refunded
50260,"Jun 09, 2025",1018,HEA-133,8,"$2,343.69",0%,Completed
50261,2025-09-25,1040,LAP-102,4,"$3,217.80",0%,Completed
50262,"Apr 08, 2024",1025,LAP-100,1,$545.64,0%,Completed
50263,19/06/2025,1014,DOC-143,8,"$4,174.91",0%,Completed
50264,06/10/2024,1075,MON-111,1,$464.92,10%,Completed
50265,2024-05-04,1070,LAP-103,2,$297.25,10%,Completed
50266,"Nov 15, 2025",1051,MON-113,3,"$2,195.81",0%,Refunded
50267,"Dec 11, 2025",1068,LAP-100,7,"$3,255.61",0%,Completed
50268,12/12/2024,1092,LAP-101,6,"$1,477.01",5%,Completed
50269,2025-02-14,1042,DOC-142,6,"$5,386.10",10%,Completed
50270,2025-03-08,1047,KEY-123,4,$746.56,0%,Completed
50271,"Mar 19, 2025",1003,LAP-102,6,"$4,859.79",0%,Completed
50272,2025-10-10,1005,HEA-130,8,"$4,126.67",15%,Completed
50273,2025-10-05,1080,DOC-143,5,"$2,898.89",0%,Completed
50274,2025-03-20,1037,DOC-140,1,$793.07,0%,Completed
50275,"Mar 02, 2024",1116,MON-111,2,"$1,096.89",0%,Completed
50276,2025-03-26,1114,DOC-142,3,"$2,110.85",0%,Completed
50277,2024-10-07,1095,DOC-142,5,"$3,678.28",10%,Completed
50278,"Oct 27, 2025",1091,HEA-132,4,$845.62,0%,Completed
50279,19/09/2025,1004,DOC-141,5,"$6,365.39",0%,Completed
50280,22/08/2025,1021,MON-112,7,$911.17,0%,Completed
50281,2024-10-03,1038,KEY-122,8,"$1,114.82",0%,Completed
50282,12/09/2025,1085,MON-111,2,"$1,195.08",0%,Completed
50283,"Apr 21, 2024",1095,HEA-132,6,"$1,327.43",0%,Completed
50284,"Nov 22, 2025",1109,KEY-123,3,$478.38,0%,Completed
50285,"May 01, 2025",1091,DOC-140,2,"$1,604.70",15%,Completed
50286,"Apr 15, 2024",1075,MON-110,7,"$4,390.10",0%,Completed
50287,03/03/2025,1112,DOC-142,3,"$2,694.91",10%,Completed
50288,"Dec 10, 2025",1046,HEA-130,8,"$4,792.87",0%,Completed
50289,"Oct 25, 2025",1109,DOC-140,7,"$5,724.60",5%,Completed
50290,2025-07-03,1056,KEY-121,3,"$1,736.85",10%,Completed
50291,"Dec 04, 2024",1108,MON-113,2,"$1,345.26",0%,Refunded
50292,11/01/2024,1073,MON-112,7,$794.50,5%,Completed
50293,05/07/2025,1067,DOC-141,5,"$6,669.22",10%,Completed
50294,"Apr 20, 2025",1087,HEA-131,7,"$7,512.40",0%,Completed
50295,21/06/2025,1048,LAP-100,2,$869.27,10%,Completed
50296,11/07/2024,1052,DOC-141,3,"$4,443.34",5%,Completed
50297,2025-12-09,1022,DOC-142,6,"$4,875.28",0%,Completed
50298,"Jun 08, 2025",1115,LAP-102,5,"$4,012.04",0%,Completed
50299,08/10/2025,1105,DOC-140,7,"$5,388.68",10%,Completed
50300,"Jul 05, 2024",1078,MON-112,7,$805.38,0%,Completed
50301,11/01/2024,1091,LAP-101,7,"$1,953.04",15%,Completed
50302,"Apr 10, 2024",1004,KEY-121,7,"$4,460.45",0%,Completed
50303,"Oct 24, 2025",1019,DOC-141,5,"$7,258.27",10%,Completed
50304,"May 28, 2024",1014,DOC-143,2,"$1,012.63",0%,Completed
50305,2025-04-23,1084,MON-111,8,"$4,414.12",0%,Completed
50306,27/05/2024,1036,DOC-142,6,"$5,173.45",0%,Completed
50307,"Dec 23, 2024",1050,LAP-103,2,$275.36,0%,Completed
50308,2025-03-26,1032,HEA-130,1,$517.42,0%,Completed
50309,18/11/2024,1039,DOC-142,3,"$2,016.12",5%,Completed
50310,"Sep 05, 2024",1092,HEA-133,2,$737.10,10%,Completed
50311,2025-12-29,1012,KEY-121,7,"$4,313.31",0%,Completed
50312,08/01/2024,1051,HEA-130,3,"$2,109.43",10%,Completed
50313,2024-12-09,1016,KEY-122,7,"$1,016.93",5%,Completed
50314,31/01/2025,1045,KEY-123,4,$635.18,0%,Completed
50315,2024-12-15,1091,KEY-120,1,$119.39,0%,Completed
50316,2025-07-22,1021,KEY-120,3,$318.98,0%,Completed
50317,2025-10-06,1039,HEA-130,7,"$4,903.38",5%,Completed
50318,"Nov 22, 2025",1034,MON-113,8,"$5,013.42",10%,Completed
50319,"Jul 01, 2025",1066,DOC-142,6,"$4,418.53",0%,Completed
50320,"Jul 09, 2025",1099,LAP-103,2,$342.90,5%,Completed
50321,"Nov 14, 2024",1012,DOC-142,3,"$2,023.23",15%,Completed
50322,2024-07-11,1009,MON-113,6,"$4,520.11",10%,Completed
50323,16/07/2024,1012,DOC-140,5,"$3,717.94",0%,Completed
50324,30/12/2024,1100,HEA-130,5,"$2,940.32",15%,Completed
50325,"Jun 29, 2024",1103,MON-110,5,"$3,167.41",15%,Completed
50326,05/11/2025,1032,HEA-131,1,"$1,203.17",5%,Completed
50327,"Oct 25, 2024",1094,LAP-103,3,$401.31,0%,Completed
50328,10/02/2024,1026,LAP-101,7,"$1,846.64",0%,Completed
50329,2025-10-06,1073,LAP-101,5,"$1,331.67",0%,Completed
50330,"Mar 21, 2025",1045,DOC-140,5,"$4,593.44",0%,Completed
50331,2025-08-22,1032,KEY-121,1,$641.58,15%,Completed
50332,2024-12-19,1054,KEY-122,4,$650.42,15%,Completed
50333,14/10/2024,1055,DOC-143,4,"$2,307.73",5%,Refunded
50334,"Jun 04, 2025",1027,DOC-140,8,"$5,921.79",5%,Completed
50335,"Jul 12, 2024",1106,MON-110,8,"$5,096.13",10%,Completed
50336,14/10/2025,1032,DOC-141,3,"$3,509.05",0%,Completed
50337,04/04/2024,1018,KEY-123,7,"$1,115.78",0%,Completed
50338,2024-08-31,1066,HEA-133,8,"$2,974.69",15%,Completed
50339,2024-05-16,1076,KEY-123,5,$998.57,10%,Completed
50340,2024-06-22,1077,LAP-103,7,"$1,137.53",5%,Completed
50341,2024-04-27,1047,HEA-130,4,"$2,584.58",5%,Completed
50342,"Nov 07, 2024",1040,LAP-101,5,"$1,144.45",5%,Refunded
50343,31/03/2025,1038,MON-111,6,"$3,157.08",0%,Completed
50344,24/04/2025,1011,LAP-101,1,$296.36,15%,Completed
50345,21/04/2024,1063,DOC-142,5,"$4,216.88",0%,Completed
50346,"Jan 02, 2025",1037,KEY-122,1,$171.11,15%,Completed
50347,2024-03-21,1004,KEY-120,4,$381.29,5%,Completed
50348,"Jul 09, 2024",1109,KEY-121,6,"$4,288.82",15%,Completed
50349,23/01/2025,1041,KEY-121,6,"$3,325.67",0%,Completed
50350,2024-09-16,1014,DOC-141,6,"$7,026.76",10%,Completed
50351,09/08/2024,1094,HEA-130,1,$606.50,0%,Refunded
50352,2024-05-25,1018,DOC-143,2,"$1,215.10",5%,Completed
50353,10/02/2024,1025,HEA-130,2,"$1,357.32",0%,Completed
50354,"Sep 17, 2025",1055,LAP-100,1,$534.34,0%,Completed
50355,2024-12-12,1086,LAP-101,7,"$1,522.40",0%,Completed
50356,"Oct 29, 2024",1087,MON-111,7,"$3,106.99",0%,Completed
50357,09/07/2025,1055,HEA-133,2,$655.07,10%,Completed
50358,2025-09-15,1093,MON-110,7,"$5,469.16",15%,Completed
50359,"Jan 12, 2025",1018,KEY-121,7,"$4,308.02",0%,Completed
50360,"Jul 12, 2024",1058,DOC-140,1,$788.96,15%,Completed
50361,22/07/2025,1047,DOC-142,6,"$4,956.74",10%,Completed
50362,2024-09-24,1114,HEA-132,7,"$1,340.18",0%,Completed
50363,2024-09-16,1068,LAP-103,4,$644.42,15%,Completed
50364,"Jul 21, 2025",1074,HEA-133,4,"$1,372.52",15%,Completed
50365,21/02/2025,1018,DOC-140,2,"$1,842.80",10%,Completed
50366,16/04/2025,1070,LAP-103,2,$340.68,0%,Refunded
50367,"Apr 05, 2024",1008,MON-112,8,$947.98,5%,Completed
50368,2024-01-16,1059,KEY-123,1,$188.93,0%,Completed
50369,2024-03-30,1073,MON-110,7,"$5,471.44",0%,Completed
50370,10/01/2025,1103,KEY-123,3,$574.49,15%,Completed
50371,"Sep 02, 2024",1068,KEY-120,2,$207.58,0%,Completed
50372,12/04/2024,1103,LAP-101,6,"$1,454.11",10%,Completed
50373,28/12/2024,1003,MON-113,5,"$3,207.47",10%,Completed
50374,23/04/2024,1024,LAP-100,8,"$3,278.96",0%,Completed
50375,27/05/2024,1069,KEY-121,7,"$4,463.51",15%,Completed
50376,2024-01-15,1063,KEY-120,8,$729.66,10%,Completed
50377,"Mar 17, 2024",1087,LAP-101,1,$227.63,10%,Completed
50378,10/12/2025,1030,HEA-133,3,"$1,164.05",10%,Completed
50379,2025-06-24,1076,KEY-123,6,$961.66,10%,Completed
50380,23/04/2025,1050,MON-111,6,"$3,011.08",0%,Completed
50381,2024-12-07,1059,KEY-122,8,"$1,091.52",10%,Completed
50382,2024-10-06,1065,MON-110,3,"$2,167.04",0%,Completed
50383,"Dec 16, 2025",1116,DOC-142,3,"$2,038.60",0%,Completed
50384,2025-01-06,1112,HEA-131,2,"$2,472.51",0%,Completed
50385,"Jan 06, 2025",1032,KEY-121,6,"$3,727.49",0%,Completed
50386,"Mar 02, 2024",1042,HEA-130,6,"$3,894.00",5%,Completed
50387,2024-12-23,1001,MON-113,4,"$2,525.64",15%,Completed
50388,2025-08-05,1076,HEA-132,7,"$1,677.55",0%,Completed
50389,08/08/2025,1010,KEY-121,5,"$3,149.98",0%,Completed
50390,07/11/2024,1046,LAP-102,3,"$2,771.51",15%,Completed
50391,22/11/2024,1115,LAP-102,8,"$8,155.13",0%,Completed
50392,2024-08-30,1007,MON-111,5,"$2,839.82",5%,Completed
50393,2025-05-28,1031,DOC-143,5,"$2,999.74",15%,Completed
50394,"Mar 22, 2024",1044,MON-110,1,$644.47,15%,Completed
50395,2025-07-03,1082,MON-112,5,$706.12,0%,Refunded
50396,2024-11-30,1084,MON-112,6,$908.08,5%,Completed
50397,2024-02-28,1012,KEY-122,3,$504.90,15%,Completed
50398,2024-09-20,1004,HEA-133,7,"$2,793.35",0%,Completed
50399,"Mar 01, 2025",1107,KEY-122,1,$155.82,0%,Completed
50400,2024-08-03,1046,LAP-100,3,"$1,262.53",0%,Completed
50401,"Nov 04, 2025",1043,DOC-141,3,"$4,465.04",0%,Completed
50402,02/02/2024,1084,KEY-120,8,$946.76,10%,Refunded
50403,05/01/2025,1017,HEA-132,5,"$1,107.07",0%,Completed
50404,02/11/2025,1020,HEA-133,2,$767.70,15%,Completed
50405,2025-10-01,1070,LAP-102,1,$789.98,10%,Completed
50406,2025-09-12,1116,MON-111,5,"$2,539.57",0%,Completed
50407,2024-12-25,1057,MON-111,1,$581.03,5%,Completed
50408,2025-04-16,1014,KEY-123,7,"$1,120.19",15%,Completed
50409,2025-11-21,1030,LAP-102,7,"$7,062.17",10%,Completed
50410,01/02/2024,1091,HEA-130,4,"$2,229.56",5%,Completed
50411,"Nov 29, 2024",1036,KEY-123,4,$769.23,0%,Completed
50412,06/08/2025,1111,HEA-133,4,"$1,526.88",0%,Refunded
50413,2024-10-16,1063,MON-110,5,"$3,241.11",0%,Completed
50414,2024-08-05,1109,DOC-143,8,"$4,694.59",15%,Completed
50415,21/03/2025,1088,HEA-132,3,$739.08,0%,Completed
50416,2024-05-16,1065,MON-110,1,$854.37,15%,Completed
50417,30/11/2025,1044,MON-111,8,"$4,108.08",15%,Completed
50418,2024-02-03,1102,HEA-130,6,"$3,749.44",15%,Completed
50419,"May 31, 2025",1056,LAP-101,3,$788.02,15%,Completed
50420,2024-11-20,1016,LAP-100,1,$408.41,5%,Refunded
50421,"Jan 03, 2024",1070,DOC-140,7,"$5,434.49",0%,Completed
50422,26/06/2025,1118,DOC-141,2,"$2,439.89",0%,Completed
50423,2024-03-15,1002,MON-112,4,$498.47,0%,Completed
50424,"Jun 04, 2025",1047,LAP-101,4,$864.90,0%,Completed
50425,11/07/2025,1089,LAP-101,8,"$1,888.85",5%,Refunded
50426,08/03/2025,1050,KEY-120,7,$712.67,0%,Completed
50427,"May 26, 2024",1001,HEA-130,7,"$4,817.87",0%,Completed
50428,"Sep 03, 2024",1015,KEY-120,7,$840.95,0%,Completed
50429,19/02/2025,1088,LAP-101,1,$271.07,15%,Completed
50430,"Aug 14, 2025",1083,KEY-122,8,"$1,001.17",5%,Completed
50431,"Aug 28, 2024",1112,DOC-142,7,"$6,241.29",5%,Completed
50432,"Jun 22, 2025",1087,LAP-102,7,"$5,807.52",0%,Completed
50433,19/09/2025,1117,DOC-141,4,"$5,584.01",5%,Completed
50434,2025-08-07,1009,KEY-123,8,"$1,284.53",10%,Completed
50435,2025-01-09,1020,MON-112,3,$369.22,15%,Completed
50436,25/01/2025,1016,LAP-101,6,"$1,457.18",5%,Completed
50437,"Apr 15, 2024",1103,KEY-120,7,$724.43,10%,Completed
50438,08/10/2024,1089,HEA-132,2,$424.11,0%,Completed
50439,"Jun 13, 2025",1017,HEA-133,3,$922.12,0%,Completed
50440,19/06/2025,1033,MON-113,6,"$4,058.98",0%,Completed
50441,29/02/2024,1092,LAP-100,5,"$2,460.88",10%,Completed
50442,04/09/2024,1012,KEY-122,5,$691.90,10%,Completed
50443,11/05/2024,1080,LAP-102,4,"$3,506.61",0%,Refunded
50444,10/01/2025,1053,HEA-132,7,"$1,303.02",5%,Completed
50445,"Sep 01, 2024",1017,KEY-120,6,$625.40,10%,Completed
50446,05/03/2024,1111,DOC-142,6,"$5,093.23",0%,Completed
50447,06/02/2025,1120,HEA-132,7,"$1,551.17",15%,Completed
50448,30/08/2025,1090,LAP-100,2,$975.72,5%,Completed
50449,07/03/2024,1018,HEA-133,3,"$1,023.02",10%,Completed
50450,2024-07-24,1119,LAP-100,4,"$1,848.37",15%,Completed
50451,2025-04-15,1109,KEY-122,7,$917.07,0%,Completed
50452,2025-05-23,1073,LAP-100,2,$824.36,5%,Completed
50453,"May 09, 2025",1089,MON-112,6,$906.80,15%,Completed
50454,"Feb 20, 2025",1019,DOC-142,3,"$2,668.29",0%,Completed
50455,09/07/2024,1067,DOC-140,1,"$1,011.00",0%,Completed
50456,"Nov 10, 2025",1051,HEA-130,5,"$3,401.62",10%,Completed
50457,07/11/2024,1103,LAP-101,5,"$1,166.27",5%,Completed
50458,2024-07-25,1069,KEY-120,5,$475.36,15%,Completed
50459,27/12/2025,1120,HEA-132,8,"$1,806.72",0%,Completed
50460,2024-11-17,1053,DOC-141,1,"$1,072.43",10%,Completed
50461,12/08/2024,1026,LAP-101,5,"$1,398.61",15%,Completed
50462,19/02/2025,1027,DOC-142,8,"$7,368.60",0%,Completed
50463,2024-02-20,1105,HEA-131,2,"$1,980.62",10%,Completed
50464,"May 25, 2025",1087,LAP-100,3,"$1,299.86",15%,Completed
50465,"May 29, 2024",1027,MON-112,3,$441.88,10%,Completed
50466,03/04/2024,1029,LAP-103,4,$706.05,15%,Completed
50467,"Jun 07, 2024",1018,HEA-132,7,"$1,726.68",0%,Completed
50468,26/08/2024,1091,HEA-132,5,"$1,235.74",10%,Completed
50469,2024-11-28,1020,KEY-121,5,"$3,147.36",15%,Refunded
50470,"Dec 01, 2024",1038,HEA-130,1,$583.32,0%,Completed
50471,2025-04-20,1056,LAP-102,4,"$3,177.65",0%,Completed
50472,2024-12-26,1084,LAP-103,1,$134.12,10%,Completed
50473,22/12/2024,1114,KEY-121,8,"$4,158.76",0%,Completed
50474,2025-09-04,1026,KEY-120,5,$557.03,0%,Completed
50475,2024-02-03,1001,MON-113,5,"$3,668.33",0%,Completed
50476,21/02/2024,1058,MON-110,5,"$3,345.72",5%,Completed
50477,22/04/2024,1104,KEY-123,3,$581.98,0%,Completed
50478,2025-07-18,1077,HEA-132,2,$382.72,5%,Completed
50479,09/06/2025,1083,LAP-101,1,$261.32,15%,Completed
50480,"Mar 19, 2024",1094,DOC-142,6,"$4,625.21",0%,Completed
50481,06/01/2024,1039,LAP-102,6,"$6,014.13",0%,Completed
50482,29/04/2024,1069,LAP-103,4,$542.82,10%,Completed
50483,2024-06-16,1065,HEA-132,4,$898.85,0%,Completed
50484,2025-02-17,1117,MON-112,5,$686.52,0%,Completed
50485,2024-04-07,1063,DOC-141,4,"$4,300.99",15%,Completed
50486,24/06/2024,1004,MON-113,2,"$1,264.18",5%,Completed
50487,2024-10-25,1011,DOC-140,2,"$1,779.23",15%,Completed
50488,"Sep 01, 2025",1091,MON-113,4,"$3,120.31",0%,Completed
50489,"Apr 10, 2024",1099,LAP-102,6,"$4,572.68",15%,Completed
50490,27/03/2024,1076,KEY-121,6,"$4,101.18",0%,Completed
50491,2024-02-03,1019,HEA-131,7,"$6,803.50",15%,Completed
50492,2024-12-18,1026,MON-111,3,"$1,738.87",0%,Completed
50493,"May 06, 2025",1100,LAP-102,1,$761.06,0%,Completed
50494,2024-07-22,1109,DOC-143,2,"$1,283.19",0%,Completed
50495,19/08/2025,1087,LAP-102,6,"$4,790.41",15%,Completed
50496,"Feb 24, 2024",1076,KEY-120,5,$586.12,0%,Completed
50497,"Aug 30, 2025",1015,DOC-140,5,"$4,392.82",0%,Refunded
50498,02/09/2024,1072,KEY-120,4,$389.86,0%,Completed
50499,05/02/2025,1102,DOC-142,1,$848.34,15%,Completed
50500,2025-02-19,1084,KEY-122,7,"$1,207.81",15%,Completed
50501,08/11/2024,1078,KEY-122,7,$877.27,0%,Refunded
50502,24/02/2025,1019,HEA-133,7,"$2,520.95",0%,Completed
50503,"Feb 07, 2025",1005,LAP-102,6,"$6,018.16",0%,Completed
50504,19/12/2025,1085,KEY-120,3,$367.34,10%,Completed
50505,30/11/2025,1106,LAP-103,4,$639.81,0%,Completed
50506,06/01/2025,1114,KEY-122,3,$400.43,10%,Completed
50507,"May 26, 2025",1102,HEA-130,5,"$2,854.36",10%,Completed
50508,2025-06-23,1014,MON-111,7,"$3,113.03",0%,Completed
50509,"Nov 23, 2025",1095,KEY-120,6,$563.75,10%,Completed
50510,"Nov 13, 2025",1080,MON-110,5,"$3,651.30",0%,Completed
50511,"Nov 08, 2024",1088,KEY-121,6,"$3,916.11",5%,Refunded
50512,2025-05-20,1008,LAP-101,8,"$1,944.24",15%,Completed
50513,2024-11-14,1094,HEA-130,8,"$5,267.91",10%,Completed
50514,09/05/2025,1019,LAP-101,6,"$1,342.73",0%,Completed
50515,"Feb 05, 2025",1083,DOC-142,1,$716.93,0%,Completed
50516,"Jul 11, 2025",1053,MON-113,5,"$3,008.17",15%,Completed
50517,27/12/2025,1042,HEA-130,8,"$4,634.62",0%,Completed
50518,2025-06-29,1026,HEA-133,1,$330.27,10%,Completed
50519,2024-11-11,1088,LAP-101,3,$824.47,0%,Completed
50520,27/01/2025,1089,DOC-142,5,"$4,393.82",0%,Completed
50521,27/09/2025,1052,HEA-133,4,"$1,308.84",0%,Completed
50522,23/11/2024,1035,KEY-123,7,"$1,191.82",0%,Completed
50523,"May 28, 2025",1021,DOC-143,8,"$5,087.75",0%,Completed
50524,"Nov 08, 2025",1053,KEY-120,8,$883.98,0%,Completed
50525,"Jun 26, 2025",1016,KEY-123,7,"$1,367.55",0%,Completed
50526,"Jun 28, 2025",1040,LAP-100,1,$529.77,0%,Completed
50527,"Sep 06, 2024",1013,KEY-123,5,$998.92,10%,Completed
50528,2024-11-10,1093,HEA-131,2,"$2,002.35",15%,Completed
50529,"Feb 07, 2025",1108,LAP-103,7,"$1,196.47",0%,Completed
50530,"Dec 24, 2024",1112,HEA-133,6,"$2,341.95",0%,Completed
50531,16/11/2025,1018,DOC-140,7,"$6,952.40",0%,Completed
50532,"Mar 09, 2024",1086,LAP-102,7,"$6,302.38",0%,Completed
50533,"Aug 10, 2025",1101,HEA-130,4,"$2,615.87",0%,Completed
50534,"Oct 16, 2024",1106,MON-113,2,"$1,619.16",15%,Completed
50535,"Oct 24, 2025",1050,KEY-121,3,"$1,984.66",10%,Completed
50536,2025-09-14,1040,LAP-102,5,"$4,068.27",0%,Completed
50537,"Jan 03, 2025",1010,DOC-142,2,"$1,353.28",0%,Completed
50538,2024-01-04,1058,KEY-122,4,$592.02,0%,Completed
50539,10/02/2024,1015,HEA-132,1,$222.48,5%,Completed
50540,2025-06-27,1072,KEY-122,6,$921.27,0%,Completed
50541,2024-08-16,1104,DOC-142,1,$879.04,10%,Completed
50542,2025-10-07,1075,KEY-123,2,$327.33,0%,Completed
50543,2024-08-19,1103,DOC-140,7,"$6,423.88",0%,Refunded
50544,"Mar 14, 2024",1018,KEY-122,5,$786.07,5%,Completed
50545,2024-07-14,1015,DOC-143,8,"$4,332.43",5%,Completed
50546,2025-06-12,1102,MON-112,2,$226.19,15%,Completed
50547,27/07/2025,1096,KEY-120,4,$470.43,0%,Completed
50548,05/03/2024,1002,DOC-143,1,$543.88,15%,Completed
50549,2025-07-25,1073,DOC-141,5,"$6,103.59",15%,Completed
50550,2024-04-17,1089,KEY-123,5,$750.61,0%,Completed
50551,2024-04-14,1047,LAP-100,8,"$3,621.90",5%,Completed
50552,2024-11-22,1109,LAP-102,6,"$5,355.45",0%,Completed
50553,"Aug 02, 2024",1003,KEY-120,7,$721.66,0%,Completed
50554,28/01/2025,1018,DOC-140,7,"$5,397.92",0%,Completed
50555,2024-01-29,1060,MON-112,7,$789.32,0%,Completed
50556,"Nov 27, 2024",1114,DOC-142,2,"$1,522.29",5%,Completed
50557,06/09/2024,1049,MON-112,1,$121.54,0%,Completed
50558,"Mar 26, 2025",1118,MON-110,4,"$2,961.49",15%,Completed
50559,2025-08-06,1111,HEA-132,2,$472.29,5%,Completed
50560,"Dec 09, 2025",1019,MON-113,8,"$6,441.98",0%,Completed
50561,2024-03-05,1001,DOC-143,7,"$4,268.53",5%,Completed
50562,2024-09-05,1103,MON-113,1,$617.83,0%,Completed
50563,2024-09-03,1100,LAP-101,7,"$2,044.24",15%,Completed
50564,26/09/2024,1003,DOC-141,7,"$7,605.18",5%,Completed
50565,"Jul 10, 2024",1021,LAP-103,2,$270.40,10%,Completed
50566,2024-01-03,1072,LAP-103,7,$920.95,15%,Completed
50567,"Dec 23, 2025",1079,DOC-140,2,"$1,480.41",0%,Completed
50568,"Jan 25, 2024",1104,LAP-100,4,"$1,711.85",5%,Completed
50569,2024-04-23,1070,MON-112,7,$979.19,10%,Completed
50570,2024-09-01,1012,LAP-103,2,$342.68,0%,Completed
50571,"May 31, 2024",1043,KEY-121,5,"$3,091.00",0%,Completed
50572,"Apr 26, 2024",1028,LAP-102,1,$954.54,10%,Completed
50573,2024-03-22,1092,HEA-131,4,"$5,126.75",15%,Completed
50574,26/02/2024,1057,MON-110,7,"$4,697.74",0%,Completed
50575,22/12/2024,1013,KEY-120,5,$456.68,0%,Completed
50576,2024-10-07,1053,HEA-133,6,"$2,299.22",10%,Completed
50577,2024-12-02,1114,MON-113,6,"$3,575.40",0%,Completed
50578,17/04/2024,1055,DOC-141,3,"$3,251.74",15%,Completed
50579,"Apr 14, 2025",1007,LAP-102,2,"$1,596.14",15%,Completed
50580,"Jun 15, 2025",1012,MON-113,7,"$5,318.55",15%,Completed
50581,2024-09-23,1023,KEY-121,1,$605.24,10%,Completed
50582,04/02/2025,1004,MON-111,5,"$2,435.78",0%,Completed
50583,"Sep 25, 2025",1095,MON-112,5,$778.43,10%,Completed
50584,2025-12-12,1009,LAP-102,2,"$1,734.10",15%,Completed
50585,"Jan 05, 2025",1015,LAP-100,2,$819.97,15%,Completed
50586,2025-04-05,1033,DOC-140,5,"$3,880.20",0%,Completed
50587,07/04/2024,1044,MON-111,8,"$4,766.20",0%,Completed
50588,2024-08-19,1103,LAP-100,7,"$2,905.68",0%,Completed
50589,2024-07-13,1021,KEY-120,1,$92.94,15%,Completed
50590,03/07/2024,1013,KEY-121,5,"$2,628.01",0%,Completed
50591,2024-03-04,1035,LAP-102,4,"$3,076.73",0%,Refunded
50592,2025-07-09,1048,KEY-123,6,"$1,140.91",15%,Completed
50593,2025-06-19,1117,KEY-123,3,$559.93,0%,Completed
50594,2024-08-17,1098,HEA-130,1,$637.74,5%,Completed
50595,2024-09-26,1013,MON-113,8,"$6,421.09",15%,Completed
50596,15/10/2024,1063,KEY-123,4,$596.99,0%,Completed
50597,05/04/2024,1062,DOC-141,8,"$9,934.40",0%,Completed
50598,2024-03-03,1035,HEA-131,8,"$7,866.35",0%,Completed
50599,"Jul 22, 2025",1029,MON-113,6,"$3,654.80",5%,Completed
50600,22/04/2024,1068,DOC-142,7,"$4,805.15",0%,Completed
50601,05/08/2024,1034,MON-111,6,"$2,766.62",5%,Refunded
50602,"Mar 17, 2024",1041,HEA-132,3,$726.51,0%,Completed
50603,02/05/2024,1062,KEY-123,2,$378.04,0%,Completed
50604,"Oct 21, 2025",1005,LAP-100,1,$473.02,10%,Completed
50605,28/10/2025,1103,HEA-133,3,$996.80,0%,Completed
50606,"Dec 17, 2025",1059,KEY-123,3,$482.70,15%,Completed
50607,2024-10-19,1108,MON-112,1,$132.08,0%,Completed
50608,"Mar 08, 2024",1022,KEY-122,4,$580.86,0%,Completed
50609,"Mar 08, 2024",1110,HEA-133,4,"$1,381.29",15%,Completed
50610,2024-07-16,1040,MON-112,4,$599.31,5%,Completed
50611,20/02/2025,1086,KEY-122,1,$133.98,15%,Completed
50612,2024-09-01,1020,KEY-123,3,$589.11,10%,Completed
50613,"May 01, 2025",1050,DOC-143,8,"$4,668.13",0%,Completed
50614,2024-10-07,1117,DOC-141,2,"$2,958.62",0%,Refunded
50615,28/02/2024,1022,MON-110,6,"$4,008.50",0%,Completed
50616,"Sep 16, 2024",1029,HEA-132,7,"$1,737.03",0%,Refunded
50617,2024-04-07,1003,KEY-120,7,$645.23,0%,Completed
50618,06/03/2025,1109,MON-111,3,"$1,368.34",0%,Completed
50619,"Apr 01, 2025",1068,DOC-140,2,"$1,590.25",10%,Completed
50620,22/03/2025,1074,KEY-123,4,$607.99,5%,Completed
50621,"Feb 25, 2025",1033,KEY-120,4,$414.18,15%,Completed
50622,2024-08-05,1057,LAP-101,8,"$2,153.61",5%,Completed
50623,2024-11-28,1056,MON-111,8,"$4,658.98",0%,Refunded
50624,"Feb 14, 2025",1030,MON-112,7,"$1,088.95",0%,Completed
50625,10/11/2025,1017,KEY-123,7,"$1,236.77",0%,Completed
50626,06/02/2024,1079,KEY-120,2,$217.46,5%,Completed
50627,06/12/2024,1045,HEA-133,8,"$2,855.30",15%,Completed
50628,"May 08, 2025",1087,KEY-122,3,$479.35,0%,Completed
50629,"Jul 17, 2025",1032,LAP-103,5,$803.59,15%,Completed
50630,2024-11-04,1106,MON-112,6,$849.02,0%,Completed
50631,"Jul 22, 2024",1069,DOC-142,1,$910.95,5%,Completed
50632,2024-03-12,1011,KEY-120,1,$119.15,15%,Completed
50633,"Jun 27, 2024",1101,MON-111,4,"$1,960.42",0%,Completed
50634,2024-03-31,1061,LAP-103,2,$354.98,0%,Completed
50635,25/10/2024,1112,KEY-123,6,"$1,032.84",0%,Completed
50636,2024-06-15,1080,LAP-102,5,"$4,146.95",0%,Completed
50637,02/12/2024,1019,KEY-120,3,$307.97,0%,Completed
50638,06/06/2024,1050,DOC-141,1,"$1,427.44",0%,Completed
50639,2024-03-14,1009,MON-113,5,"$3,932.59",10%,Completed
50640,"Aug 24, 2024",1061,HEA-132,8,"$1,829.38",10%,Completed
50641,"Aug 19, 2025",1059,LAP-100,4,"$1,729.96",0%,Completed
50642,"Jun 18, 2025",1008,DOC-140,7,"$6,152.95",0%,Completed
50643,"Jun 09, 2025",1092,LAP-100,4,"$1,777.74",15%,Completed
50644,"Jul 28, 2024",1116,MON-112,3,$470.02,0%,Completed
50645,"Apr 19, 2025",1092,LAP-101,4,"$1,110.48",15%,Refunded
50646,19/11/2024,1008,KEY-121,7,"$4,368.98",10%,Completed
50647,2024-11-28,1023,KEY-121,1,$622.25,15%,Completed
50648,"Jul 21, 2024",1092,HEA-132,1,$206.57,10%,Completed
50649,2024-03-17,1080,HEA-133,5,"$1,511.54",5%,Completed
50650,15/11/2025,1041,LAP-102,5,"$4,518.83",5%,Refunded
50651,"Jul 01, 2025",1120,HEA-131,6,"$6,640.04",0%,Completed
50652,30/03/2024,1018,LAP-103,8,"$1,283.58",0%,Completed
50653,"Mar 05, 2024",1005,DOC-141,3,"$3,803.86",0%,Completed
50654,16/06/2025,1090,KEY-122,7,$905.72,0%,Completed
50655,"Oct 21, 2024",1018,LAP-101,1,$289.37,10%,Completed
50656,"Jun 16, 2024",1107,LAP-102,6,"$5,971.37",5%,Completed
50657,12/03/2025,1016,MON-111,7,"$3,980.10",0%,Completed
50658,"Apr 03, 2024",1115,DOC-141,2,"$2,359.51",15%,Completed
50659,08/07/2024,1098,HEA-133,4,"$1,440.22",5%,Completed
50660,17/07/2024,1014,MON-112,3,$460.48,10%,Completed
50661,"Sep 18, 2024",1020,MON-113,1,$717.64,10%,Completed
50662,30/11/2025,1008,MON-111,6,"$2,858.10",0%,Completed
50663,11/01/2024,1078,DOC-142,6,"$5,289.29",0%,Completed
50664,21/11/2024,1047,KEY-122,4,$664.31,0%,Completed
50665,2025-01-22,1002,KEY-123,7,"$1,149.87",15%,Completed
50666,"Oct 21, 2025",1022,DOC-142,4,"$3,544.12",0%,Completed
50667,24/01/2025,1018,KEY-120,6,$636.59,0%,Completed
50668,2024-12-19,1109,KEY-122,1,$169.93,0%,Completed
50669,14/07/2025,1061,MON-110,1,$871.29,5%,Completed
50670,2025-01-04,1016,MON-112,6,$741.33,0%,Completed
50671,2025-01-13,1064,LAP-100,4,"$1,637.51",15%,Completed
50672,14/11/2024,1040,HEA-132,7,"$1,692.96",15%,Completed
50673,"Nov 22, 2024",1108,DOC-142,8,"$7,293.10",0%,Completed
50674,"Sep 06, 2025",1009,KEY-123,2,$364.35,5%,Completed
50675,"Jul 31, 2024",1047,LAP-100,4,"$1,725.26",15%,Completed
50676,17/04/2025,1004,LAP-103,1,$158.10,15%,Completed
50677,"Jun 20, 2025",1101,LAP-102,3,"$2,511.06",15%,Completed
50678,"Aug 12, 2024",1056,MON-113,1,$682.84,0%,Completed
50679,25/07/2024,1066,LAP-102,7,"$5,935.27",15%,Refunded
50680,"Nov 15, 2025",1049,HEA-133,1,$391.05,10%,Completed
50681,"Jan 18, 2024",1113,MON-111,3,"$1,813.32",0%,Completed
50682,2024-02-26,1116,KEY-123,1,$159.75,10%,Completed
50683,2024-06-07,1020,MON-112,8,"$1,100.12",15%,Completed
50684,19/05/2024,1078,LAP-100,7,"$3,458.08",0%,Completed
50685,2024-02-25,1103,MON-112,8,$932.00,0%,Completed
50686,"Jul 05, 2025",1106,MON-111,4,"$1,953.68",0%,Completed
50687,2025-08-22,1096,MON-111,4,"$2,284.00",5%,Completed
50688,2025-03-10,1063,MON-112,5,$769.62,0%,Completed
50689,2025-07-26,1041,LAP-102,2,"$1,905.94",5%,Completed
50690,2025-02-22,1026,MON-112,6,$880.80,0%,Completed
50691,25/09/2025,1021,HEA-131,6,"$6,615.56",15%,Completed
50692,2024-07-16,1065,LAP-102,3,"$2,779.83",0%,Completed
50693,29/08/2025,1061,HEA-133,8,"$2,771.12",10%,Completed
50694,2025-05-27,1046,DOC-142,3,"$2,147.27",15%,Completed
50695,12/04/2024,1043,LAP-102,7,"$5,991.60",0%,Completed
50696,"Apr 21, 2025",1071,HEA-130,3,"$2,044.29",0%,Completed
50697,"Jun 05, 2025",1052,HEA-133,6,"$2,178.35",5%,Completed
50698,03/12/2025,1087,MON-111,1,$468.87,5%,Completed
50699,2024-12-14,1071,DOC-142,4,"$3,540.78",10%,Completed
50700,2024-04-28,1079,MON-111,5,"$2,336.07",0%,Completed
50701,2024-10-08,1045,HEA-132,8,"$1,677.64",10%,Completed
50702,29/04/2024,1079,KEY-122,8,"$1,133.95",10%,Completed
50703,2025-01-14,1047,KEY-120,1,$119.21,15%,Completed
50704,2024-10-21,1089,KEY-120,6,$719.92,5%,Completed
50705,2024-03-01,1019,MON-112,4,$581.83,0%,Completed
50706,"Sep 27, 2024",1117,LAP-101,7,"$1,557.61",0%,Refunded
50707,2024-06-01,1006,DOC-141,2,"$2,508.69",15%,Completed
50708,"Apr 05, 2024",1097,HEA-130,7,"$4,437.15",0%,Completed
50709,2024-03-27,1005,KEY-121,1,$527.73,0%,Completed
50710,2025-04-19,1026,MON-111,2,$943.66,10%,Completed
50711,03/05/2024,1042,MON-112,6,$938.08,5%,Completed
50712,"May 09, 2025",1091,HEA-132,4,"$1,017.85",0%,Completed
50713,2025-10-03,1058,MON-110,6,"$4,864.11",10%,Completed
50714,"Jul 14, 2025",1002,LAP-101,8,"$2,234.27",5%,Completed
50715,2025-11-07,1111,LAP-100,6,"$2,767.06",0%,Completed
50716,23/05/2025,1021,DOC-141,3,"$3,430.87",15%,Completed
50717,"Jan 05, 2025",1025,DOC-140,1,$844.49,10%,Completed
50718,"May 06, 2025",1021,HEA-131,6,"$7,786.18",0%,Completed
50719,"Aug 04, 2024",1106,MON-112,5,$739.76,0%,Refunded
50720,19/10/2025,1103,KEY-122,6,$978.05,10%,Completed
50721,2024-10-08,1063,DOC-142,8,"$7,204.70",0%,Completed
50722,28/10/2024,1091,LAP-102,7,"$6,479.54",0%,Completed
50723,2025-01-20,1078,MON-110,2,"$1,390.71",5%,Completed
50724,2025-04-04,1005,KEY-120,2,$227.50,5%,Completed
50725,07/03/2024,1101,KEY-121,4,"$2,605.09",0%,Completed
50726,"Aug 08, 2025",1098,DOC-140,7,"$6,476.51",0%,Completed
50727,30/11/2025,1016,KEY-122,7,"$1,208.47",0%,Completed
50728,"Feb 24, 2024",1095,MON-110,5,"$3,884.07",15%,Refunded
50729,"Sep 12, 2024",1005,KEY-123,7,"$1,139.86",5%,Completed
50730,"Feb 05, 2024",1061,LAP-102,2,"$1,628.70",15%,Completed
50731,2025-09-15,1083,KEY-121,6,"$3,326.61",0%,Completed
50732,2024-12-10,1061,DOC-140,5,"$3,860.42",0%,Completed
50733,"Jun 13, 2024",1039,LAP-101,4,"$1,156.35",0%,Completed
50734,05/08/2024,1104,DOC-141,8,"$8,886.62",0%,Completed
50735,"Oct 30, 2025",1026,HEA-130,4,"$2,400.83",0%,Completed
50736,2025-02-18,1116,LAP-103,6,"$1,040.22",5%,Completed
50737,"Apr 11, 2024",1043,KEY-120,6,$661.96,0%,Completed
50738,2025-01-23,1064,LAP-103,6,"$1,061.81",10%,Completed
50739,14/08/2025,1099,KEY-122,7,"$1,067.47",0%,Completed
50740,18/10/2024,1073,HEA-132,2,$432.86,15%,Completed
50741,"Jul 10, 2025",1086,HEA-133,4,"$1,604.50",0%,Completed
50742,"Nov 03, 2024",1032,DOC-143,4,"$2,129.16",15%,Refunded
50743,2024-01-11,1027,LAP-102,7,"$5,688.34",10%,Completed
50744,16/11/2025,1119,LAP-103,4,$534.08,0%,Refunded
50745,29/09/2024,1012,DOC-142,1,$683.59,0%,Completed
50746,"Jun 11, 2025",1076,DOC-142,1,$781.87,10%,Completed
50747,2024-07-02,1014,LAP-100,4,"$2,169.72",0%,Refunded
50748,22/11/2025,1090,KEY-120,6,$751.34,0%,Completed
50749,03/10/2024,1047,HEA-131,2,"$2,264.09",15%,Completed
50750,"Mar 13, 2025",1050,LAP-100,1,$497.38,0%,Completed
50751,02/01/2025,1033,KEY-123,3,$605.23,10%,Completed
50752,2024-06-01,1021,MON-111,3,"$1,388.04",0%,Completed
50753,27/07/2025,1070,DOC-142,2,"$1,607.09",0%,Completed
50754,2024-05-23,1031,MON-113,7,"$4,563.17",0%,Completed
50755,26/08/2025,1061,LAP-102,8,"$6,927.75",0%,Completed
50756,2025-05-30,1078,LAP-101,8,"$1,859.45",0%,Completed
50757,05/12/2024,1084,KEY-120,2,$235.14,0%,Completed
50758,08/06/2025,1032,KEY-121,2,"$1,354.02",15%,Completed
50759,2024-11-28,1091,KEY-121,7,"$4,959.53",10%,Completed
50760,"May 24, 2025",1083,MON-111,1,$464.81,15%,Completed
50761,2025-06-03,1014,LAP-101,5,"$1,077.63",10%,Completed
50762,2024-06-21,1056,MON-112,7,$858.46,0%,Completed
50763,2025-04-23,1085,LAP-102,4,"$3,003.28",5%,Completed
50764,03/07/2025,1043,HEA-131,2,"$2,394.05",0%,Completed
50765,"Feb 08, 2024",1109,KEY-122,4,$580.62,5%,Completed
50766,28/02/2024,1118,LAP-102,2,"$1,825.20",15%,Completed
50767,"Sep 16, 2024",1119,DOC-140,8,"$6,245.71",5%,Completed
50768,05/03/2024,1017,HEA-132,5,"$1,257.40",0%,Completed
50769,"Nov 06, 2025",1024,HEA-131,3,"$3,589.14",10%,Refunded
50770,2024-04-25,1007,LAP-101,2,$560.41,0%,Completed
50771,23/06/2024,1053,KEY-120,6,$692.62,15%,Completed
50772,2025-03-24,1012,MON-111,8,"$3,799.64",10%,Completed
50773,"Nov 05, 2025",1015,MON-113,3,"$2,409.62",0%,Completed
50774,04/01/2024,1011,LAP-102,4,"$3,182.54",0%,Refunded
50775,"Oct 21, 2025",1069,KEY-122,8,"$1,315.07",0%,Completed
50776,11/12/2024,1066,MON-112,8,$944.23,10%,Completed
50777,"Nov 06, 2025",1003,MON-113,5,"$3,576.36",5%,Completed
50778,14/02/2024,1016,DOC-143,3,"$1,733.37",15%,Completed
50779,"Sep 11, 2024",1070,KEY-123,8,"$1,512.59",5%,Completed
50780,26/12/2025,1062,KEY-121,7,"$3,659.25",0%,Completed
50781,01/01/2025,1047,MON-112,8,"$1,153.79",0%,Completed
50782,"Mar 18, 2025",1033,MON-112,4,$567.07,15%,Completed
50783,15/07/2025,1053,LAP-100,5,"$2,039.09",0%,Completed
50784,22/08/2024,1014,DOC-143,5,"$2,706.55",15%,Completed
50785,14/04/2024,1115,MON-111,8,"$4,068.50",5%,Completed
50786,06/03/2025,1037,MON-110,6,"$5,060.18",5%,Completed
50787,30/12/2025,1008,MON-110,3,"$1,996.78",15%,Completed
50788,26/06/2024,1055,KEY-122,1,$169.67,0%,Completed
50789,24/04/2024,1066,KEY-123,2,$401.56,5%,Refunded
50790,05/02/2025,1101,KEY-120,1,$104.40,0%,Completed
50791,2024-12-06,1080,LAP-103,6,$806.15,15%,Completed
50792,"Oct 27, 2024",1110,LAP-100,4,"$1,655.13",0%,Completed
50793,04/05/2024,1067,DOC-142,6,"$4,080.88",15%,Completed
50794,05/05/2024,1040,LAP-102,8,"$6,567.49",5%,Completed
50795,28/04/2024,1031,LAP-100,4,"$1,803.94",15%,Completed
50796,"Aug 24, 2025",1005,MON-113,6,"$3,916.73",10%,Completed
50797,25/04/2025,1060,KEY-121,5,"$3,382.15",0%,Completed
50798,2024-08-21,1100,HEA-130,8,"$5,021.53",10%,Completed
50799,2024-06-12,1034,DOC-141,7,"$9,874.54",15%,Completed
50800,"Apr 17, 2025",1001,LAP-102,5,"$5,055.09",0%,Completed
50801,12/01/2025,1065,LAP-102,3,"$2,253.57",5%,Completed
50802,"Jun 22, 2024",1064,KEY-123,6,$920.55,0%,Completed
50803,13/08/2024,1109,DOC-141,4,"$5,775.91",0%,Completed
50804,"Oct 17, 2024",1092,DOC-141,5,"$6,971.63",0%,Completed
50805,2024-05-20,1044,KEY-123,6,"$1,001.35",0%,Completed
50806,"Feb 15, 2025",1026,KEY-123,4,$590.92,15%,Completed
50807,"Sep 21, 2024",1059,KEY-123,7,"$1,128.71",0%,Completed
50808,30/01/2024,1088,KEY-123,1,$169.74,5%,Completed
50809,2024-07-21,1083,HEA-133,8,"$2,822.46",0%,Completed
50810,2025-12-19,1085,KEY-120,3,$337.38,10%,Completed
50811,2025-05-09,1018,KEY-121,3,"$2,002.37",0%,Completed
50812,18/11/2025,1073,MON-112,4,$528.95,0%,Completed
50813,2025-04-04,1106,KEY-123,8,"$1,439.64",0%,Completed
50814,"Sep 18, 2025",1120,LAP-103,2,$319.65,15%,Refunded
50815,"Mar 12, 2024",1003,MON-110,5,"$3,352.25",0%,Completed
50816,"Mar 30, 2024",1059,MON-113,8,"$6,345.89",10%,Completed
50817,17/11/2024,1078,MON-111,4,"$2,409.51",0%,Completed
50818,"Mar 14, 2024",1016,KEY-123,2,$297.68,0%,Completed
50819,2024-11-03,1112,KEY-121,5,"$3,530.75",0%,Refunded
50820,2025-07-20,1094,HEA-132,5,"$1,254.70",0%,Completed
50821,2025-09-19,1049,LAP-102,8,"$7,439.12",15%,Completed
50822,2024-07-20,1036,HEA-130,8,"$5,573.06",0%,Completed
50823,16/05/2024,1006,DOC-140,4,"$3,703.62",0%,Completed
50824,"Apr 17, 2025",1063,HEA-132,6,"$1,322.56",0%,Completed
50825,02/08/2024,1094,KEY-123,7,"$1,098.65",15%,Refunded
50826,11/03/2025,1065,MON-111,3,"$1,817.76",0%,Completed
50827,2024-12-27,1034,MON-112,4,$552.06,0%,Completed
50828,"Oct 15, 2024",1108,LAP-103,8,"$1,177.22",0%,Completed
50829,2024-09-17,1071,LAP-100,5,"$2,622.15",10%,Completed
50830,2024-10-26,1101,MON-110,3,"$2,383.26",15%,Completed
50831,20/11/2025,1025,HEA-132,7,"$1,647.35",0%,Completed
50832,21/11/2024,1050,MON-111,3,"$1,446.95",0%,Completed
50833,"Jun 14, 2024",1025,MON-111,4,"$2,109.25",5%,Completed
50834,2024-01-18,1057,HEA-133,2,$807.40,0%,Completed
50835,04/07/2025,1081,DOC-142,2,"$1,574.25",15%,Completed
50836,2025-10-25,1062,DOC-142,3,"$2,290.12",0%,Refunded
50837,"Jun 06, 2024",1103,MON-111,5,"$2,439.31",0%,Completed
50838,2024-07-21,1033,DOC-142,1,$737.00,0%,Completed
50839,05/07/2024,1118,KEY-120,8,$794.86,5%,Completed
50840,2024-04-26,1015,MON-113,7,"$5,426.20",0%,Completed
50841,2024-01-24,1045,HEA-132,8,"$2,048.12",0%,Completed
50842,29/10/2025,1029,HEA-130,7,"$4,864.64",0%,Completed
50843,"Nov 24, 2025",1107,DOC-143,8,"$4,477.88",5%,Completed
50844,"Aug 04, 2024",1028,HEA-131,7,"$8,309.46",5%,Refunded
50845,22/03/2024,1002,MON-113,2,"$1,517.30",0%,Completed
50846,2024-07-16,1112,HEA-133,3,"$1,033.51",0%,Completed
50847,2025-10-20,1085,MON-112,3,$390.05,0%,Completed
50848,16/06/2025,1009,HEA-132,6,"$1,360.94",0%,Completed
50849,14/02/2024,1102,LAP-102,5,"$4,934.35",10%,Completed
50850,2024-04-03,1120,MON-111,2,"$1,145.40",0%,Completed
50851,"Sep 22, 2025",1095,KEY-123,3,$512.45,5%,Completed
50852,03/11/2024,1050,LAP-103,8,"$1,222.33",0%,Completed
50853,"Jul 23, 2024",1092,MON-113,7,"$4,704.92",5%,Completed
50854,"Apr 22, 2024",1058,DOC-141,5,"$6,597.18",0%,Completed
50855,"Mar 27, 2025",1036,MON-112,3,$389.60,0%,Completed
50856,11/03/2025,1115,DOC-140,3,"$2,302.72",0%,Completed
50857,24/03/2024,1085,LAP-100,7,"$2,824.62",0%,Completed
50858,2024-04-14,1052,HEA-132,2,$501.53,0%,Completed
50859,07/01/2025,1012,LAP-100,7,"$2,928.05",0%,Completed
50860,2025-10-15,1071,DOC-140,4,"$2,992.41",0%,Completed
50861,23/10/2024,1057,LAP-102,3,"$2,988.02",0%,Completed
50862,2025-07-30,1070,KEY-122,1,$162.24,15%,Completed
50863,2024-04-24,1074,DOC-143,1,$495.58,15%,Completed
50864,23/10/2024,1003,KEY-120,8,$776.44,0%,Completed
50865,"Jul 17, 2025",1066,KEY-122,5,$694.26,0%,Completed
50866,2024-12-14,1041,DOC-140,8,"$6,326.51",10%,Completed
50867,"Jan 17, 2025",1036,KEY-121,5,"$2,836.31",10%,Refunded
50868,"Apr 21, 2025",1103,MON-113,7,"$4,597.24",0%,Completed
50869,25/07/2025,1111,DOC-141,3,"$3,225.89",15%,Completed
50870,"Feb 12, 2025",1084,KEY-120,4,$428.09,0%,Completed
50871,"May 02, 2025",1088,LAP-103,3,$482.14,5%,Completed
50872,2025-02-04,1048,MON-112,7,"$1,001.99",15%,Completed
50873,"Nov 05, 2025",1051,KEY-121,7,"$4,436.37",0%,Completed
50874,2025-07-23,1031,MON-110,6,"$4,456.02",15%,Completed
50875,03/01/2025,1115,DOC-141,3,"$4,334.12",5%,Completed
50876,"Jul 07, 2024",1023,KEY-121,6,"$4,143.42",0%,Completed
50877,2025-05-04,1068,DOC-142,4,"$3,042.56",0%,Completed
50878,02/12/2024,1039,DOC-141,4,"$5,934.44",0%,Completed
50879,21/03/2025,1002,HEA-130,1,$550.91,5%,Completed
50880,2024-04-06,1052,HEA-130,1,$700.88,0%,Completed
50881,"Apr 18, 2025",1086,DOC-142,2,"$1,721.43",10%,Completed
50882,06/08/2024,1074,HEA-132,5,"$1,270.66",0%,Completed
50883,"Oct 05, 2025",1063,LAP-103,1,$164.24,10%,Completed
50884,06/07/2025,1052,HEA-130,3,"$1,800.33",0%,Completed
50885,2025-09-05,1104,DOC-142,6,"$4,720.14",0%,Completed
50886,2025-05-27,1005,KEY-122,1,$143.67,0%,Completed
50887,16/03/2025,1058,KEY-120,5,$592.07,5%,Completed
50888,2024-04-22,1104,DOC-142,6,"$5,130.35",0%,Completed
50889,"May 18, 2024",1043,MON-110,4,"$2,713.75",0%,Refunded
50890,2024-02-17,1105,HEA-132,8,"$1,834.81",0%,Completed
50891,08/04/2025,1096,LAP-102,2,"$1,518.02",5%,Completed
50892,2024-08-25,1076,LAP-102,7,"$7,032.17",5%,Completed
50893,"Mar 01, 2025",1113,KEY-121,8,"$4,781.98",10%,Completed
50894,2024-07-26,1004,LAP-101,7,"$1,616.73",0%,Completed
50895,15/12/2025,1108,HEA-131,8,"$8,992.18",0%,Completed
50896,"Jan 13, 2024",1034,DOC-142,6,"$5,564.76",5%,Completed
50897,2025-07-09,1063,LAP-102,8,"$7,262.36",0%,Completed
50898,"Mar 18, 2025",1004,LAP-103,8,"$1,350.51",0%,Completed
50899,16/02/2024,1086,HEA-133,5,"$1,801.20",10%,Completed
50900,10/09/2024,1049,LAP-100,8,"$3,632.64",0%,Completed
